{"cameraMode":{"drawMode":0,"name":"Shaded","section":"Shading Mode"},"sceneLighting":false,"audioPlay":false,"sceneViewState":{"m_AlwaysRefresh":true,"showFog":true,"showSkybox":true,"showFlares":true,"showImageEffects":true,"showParticleSystems":true,"showVisualEffectGraphs":true,"m_FxEnabled":false},"in2DMode":false,"pivot":{"x":492.2233581542969,"y":20.758413314819337,"z":486.31805419921877},"rotation":{"x":0.22723367810249329,"y":0.5268092751502991,"z":-0.15052151679992677,"w":0.8053404092788696},"size":1.9986658096313477,"orthographic":false}