{"cameraMode":{"drawMode":0,"name":"Shaded","section":"Shading Mode"},"sceneLighting":true,"audioPlay":false,"sceneViewState":{"m_AlwaysRefresh":true,"showFog":true,"showSkybox":true,"showFlares":true,"showImageEffects":true,"showParticleSystems":true,"showVisualEffectGraphs":true,"m_FxEnabled":true},"in2DMode":false,"pivot":{"x":512.6224365234375,"y":26.3190860748291,"z":444.11358642578127},"rotation":{"x":-0.18291206657886506,"y":-0.18457655608654023,"z":-0.03447273373603821,"w":0.9652257561683655},"size":1.7320507764816285,"orthographic":false}