{"cameraMode":{"drawMode":0,"name":"Shaded","section":"Shading Mode"},"sceneLighting":true,"audioPlay":false,"sceneViewState":{"m_AlwaysRefresh":false,"showFog":true,"showSkybox":true,"showFlares":true,"showImageEffects":false,"showParticleSystems":false,"showVisualEffectGraphs":true,"m_FxEnabled":false},"in2DMode":false,"pivot":{"x":485.4822998046875,"y":15.813688278198243,"z":499.1257019042969},"rotation":{"x":0.035679642111063007,"y":0.5366239547729492,"z":-0.022715389728546144,"w":0.842769205570221},"size":0.28584229946136477,"orthographic":false}