{"cameraMode":{"drawMode":0,"name":"Shaded","section":"Shading Mode"},"sceneLighting":true,"audioPlay":false,"sceneViewState":{"m_AlwaysRefresh":true,"showFog":true,"showSkybox":true,"showFlares":true,"showImageEffects":true,"showParticleSystems":true,"showVisualEffectGraphs":true,"m_FxEnabled":true},"in2DMode":false,"pivot":{"x":506.93670654296877,"y":19.17746353149414,"z":509.5005187988281},"rotation":{"x":-0.06436417996883393,"y":-0.04329512268304825,"z":0.003756843274459243,"w":-0.997154176235199},"size":14.549237251281739,"orthographic":false}