{"cameraMode":{"drawMode":0,"name":"Shaded","section":"Shading Mode"},"sceneLighting":true,"audioPlay":false,"sceneViewState":{"m_AlwaysRefresh":true,"showFog":true,"showSkybox":true,"showFlares":true,"showImageEffects":true,"showParticleSystems":true,"showVisualEffectGraphs":true,"m_FxEnabled":true},"in2DMode":false,"pivot":{"x":522.7445678710938,"y":16.838848114013673,"z":483.6341552734375},"rotation":{"x":-0.003025353653356433,"y":0.6787338256835938,"z":0.0028997655026614668,"w":0.7344596982002258},"size":6.207733631134033,"orthographic":false}