{"cameraMode":{"drawMode":0,"name":"Shaded","section":"Shading Mode"},"sceneLighting":true,"audioPlay":false,"sceneViewState":{"m_AlwaysRefresh":true,"showFog":true,"showSkybox":true,"showFlares":true,"showImageEffects":true,"showParticleSystems":true,"showVisualEffectGraphs":true,"m_FxEnabled":true},"in2DMode":false,"pivot":{"x":528.834228515625,"y":23.15534782409668,"z":471.6952819824219},"rotation":{"x":0.003975542262196541,"y":0.9618387818336487,"z":-0.01602546125650406,"w":0.27365902066230776},"size":1.1932756900787354,"orthographic":false}