{"cameraMode":{"drawMode":0,"name":"Shaded","section":"Shading Mode"},"sceneLighting":true,"audioPlay":false,"sceneViewState":{"m_AlwaysRefresh":true,"showFog":true,"showSkybox":true,"showFlares":true,"showImageEffects":true,"showParticleSystems":true,"showVisualEffectGraphs":true,"m_FxEnabled":true},"in2DMode":false,"pivot":{"x":488.3170471191406,"y":14.930892944335938,"z":503.56884765625},"rotation":{"x":-0.15200906991958619,"y":0.07232028990983963,"z":-0.011152847670018673,"w":-0.9857660531997681},"size":16.268821716308595,"orthographic":false}