{"cameraMode":{"drawMode":0,"name":"Shaded","section":"Shading Mode"},"sceneLighting":true,"audioPlay":false,"sceneViewState":{"m_AlwaysRefresh":true,"showFog":true,"showSkybox":true,"showFlares":true,"showImageEffects":true,"showParticleSystems":true,"showVisualEffectGraphs":true,"m_FxEnabled":false},"in2DMode":false,"pivot":{"x":567.3945922851563,"y":22.04744529724121,"z":411.8724670410156},"rotation":{"x":0.018293185159564019,"y":0.8967658281326294,"z":-0.05115547403693199,"w":0.43981873989105227},"size":1.8398175239562989,"orthographic":false}