{"cameraMode":{"drawMode":0,"name":"Shaded","section":"Shading Mode"},"sceneLighting":true,"audioPlay":false,"sceneViewState":{"m_AlwaysRefresh":true,"showFog":true,"showSkybox":true,"showFlares":true,"showImageEffects":true,"showParticleSystems":true,"showVisualEffectGraphs":true,"m_FxEnabled":true},"in2DMode":false,"pivot":{"x":510.29229736328127,"y":21.1081485748291,"z":473.78668212890627},"rotation":{"x":0.014462091960012913,"y":0.8379858136177063,"z":-0.02280302904546261,"w":0.5452847480773926},"size":0.7551137804985046,"orthographic":false}