{"cameraMode":{"drawMode":0,"name":"Shaded","section":"Shading Mode"},"sceneLighting":false,"audioPlay":false,"sceneViewState":{"m_AlwaysRefresh":true,"showFog":true,"showSkybox":false,"showFlares":true,"showImageEffects":true,"showParticleSystems":true,"showVisualEffectGraphs":true,"m_FxEnabled":true},"in2DMode":false,"pivot":{"x":445.01715087890627,"y":18.48166275024414,"z":459.51239013671877},"rotation":{"x":-0.02441188134253025,"y":0.3103582561016083,"z":0.007393485400825739,"w":0.9504328966140747},"size":2.0966086387634279,"orthographic":false}