{"cameraMode":{"drawMode":0,"name":"Shaded","section":"Shading Mode"},"sceneLighting":false,"audioPlay":false,"sceneViewState":{"m_AlwaysRefresh":true,"showFog":true,"showSkybox":false,"showFlares":true,"showImageEffects":true,"showParticleSystems":true,"showVisualEffectGraphs":true,"m_FxEnabled":true},"in2DMode":false,"pivot":{"x":-0.3566908836364746,"y":1.8470826148986817,"z":-1.2422144412994385},"rotation":{"x":0.13866600394248963,"y":-0.3484959304332733,"z":-0.051677051931619647,"w":-0.9257560968399048},"size":2.252589702606201,"orthographic":false}